0,4,4
1,0,14
2,0,2
3,5,0
4,5,2
5,0,1
6,0,4
7,1,1
8,1,1
9,1,17
10,5,1
11,3,5
12,0,12
13,0,2
14,5,6
15,4,4
16,0,7
17,3,1
18,1,5
19,2,6
20,1,1
21,0,2
22,5,15
23,3,2
24,5,15
25,5,0
26,1,10
27,4,0
28,3,1
29,1,1
30,2,2
31,2,3
32,0,0
33,1,17
34,4,9
35,4,4
36,2,0
37,4,5
38,0,0
39,0,11
40,4,5
41,2,15
42,2,23
43,5,0
44,5,3
45,5,1
46,0,3
47,4,7
48,0,3
49,3,8
50,4,18
51,4,16
52,5,0
53,2,7
54,3,11
55,0,11
56,2,12
57,3,7
58,0,1
59,3,4
60,5,7
61,0,3
62,0,8
63,3,5
64,2,1
65,0,16
66,0,3
67,4,11
68,3,2
69,1,23
70,2,3
71,2,0
72,1,10
73,4,0
74,1,7
75,3,14
76,0,23
77,2,23
78,5,13
79,2,11
80,4,1
81,5,11
82,0,11
83,3,5
84,1,2
85,5,7
86,1,11
87,2,5
88,2,17
89,3,2
90,4,3
91,0,6
92,0,3
93,4,14
94,0,8
95,5,3
96,4,10
97,1,7
98,0,4
99,1,4
100,3,16
101,4,2
102,2,15
103,1,22
104,2,0
105,5,13
106,3,5
107,3,8
108,2,6
109,1,0
110,1,0
111,0,9
112,0,14
113,4,11
114,5,12
115,3,12
116,2,2
117,5,7
118,2,2
119,2,19
120,2,10
121,3,6
122,1,1
123,0,4
124,0,10
125,1,5
126,1,11
127,4,13
128,5,0
129,5,24
130,1,9
131,2,6
132,0,2
133,0,2
134,4,7
135,5,15
136,0,8
137,5,0
138,5,4
139,5,19
140,4,0
141,5,11
142,1,3
143,0,3
144,0,14
145,0,11
146,2,8
147,2,3
148,5,11
149,0,14
150,1,13
151,1,11
152,0,4
153,4,0
154,4,2
155,1,4
156,2,10
157,5,14
158,3,7
159,2,2
160,5,22
161,3,3
162,0,2
163,1,12
164,1,13
165,2,23
166,0,2
167,2,2
168,3,22
169,3,23
170,0,2
171,1,24
172,3,24
173,3,1
174,1,10
175,3,2
176,2,8
177,5,12
178,5,5
179,5,6
180,4,20
181,4,15
182,2,12
183,2,5
184,5,8
185,5,5
186,2,11
187,3,15
188,3,0
189,2,5
190,3,4
191,2,22
192,4,5
193,0,6
194,3,0
195,4,6
196,0,3
197,1,13
198,2,1
199,3,2
200,3,18
201,5,9
202,1,1
203,5,0
204,0,14
205,4,22
206,2,17
207,5,12
208,2,10
209,1,2
210,0,1
211,1,2
212,5,8
213,3,3
214,1,24
215,3,0
216,3,4
217,0,9
218,2,2
219,1,8
220,3,1
221,4,2
222,4,1
223,0,24
224,2,20
225,0,21
226,2,1
227,3,4
228,4,17
229,0,6
230,4,3
231,1,4
232,3,12
233,3,11
234,0,0
235,3,10
236,3,3
237,2,1
238,0,0
239,3,7
240,2,21
241,4,15
242,5,0
243,3,7
244,5,2
245,0,9
246,1,7
247,1,0
248,5,8
249,2,22
250,4,12
251,0,5
252,4,5
253,0,0
254,5,2
255,2,12
256,1,3
257,0,0
258,4,0
259,3,14
260,3,2
261,4,12
262,0,0
263,3,4
264,4,15
265,0,7
266,2,11
267,1,9
268,4,4
269,3,7
270,4,8
271,0,0
272,1,4
273,0,3
274,0,5
275,0,11
276,3,6
277,5,14
278,2,8
279,4,14
280,2,1
281,2,4
282,1,6
283,5,20
284,3,3
285,0,17
286,4,7
287,3,1
288,5,20
289,2,2
290,5,7
291,4,0
292,2,3
293,0,0
294,5,7
295,4,1
296,4,4
297,1,24
298,1,2
299,5,3
300,3,11
301,0,15
302,4,3
303,1,13
304,2,11
305,0,16
306,5,4
307,1,0
308,3,4
309,1,0
310,2,10
311,5,1
312,5,4
313,1,8
314,3,23
315,2,4
316,4,17
317,4,1
318,3,1
319,5,13
320,5,3
321,2,16
322,1,7
323,1,6
324,1,23
325,2,4
326,5,9
327,2,12
328,2,13
329,1,2
330,5,17
331,2,7
332,1,0
333,3,6
334,1,10
335,0,1
336,0,4
337,3,4
338,5,5
339,5,16
340,5,17
341,5,6
342,5,5
343,3,1
344,0,3
345,3,22
346,4,4
347,2,5
348,0,14
349,5,17
350,2,0
351,1,10
352,4,2
353,5,18
354,3,2
355,1,3
356,0,20
357,1,7
358,3,15
359,5,14
360,1,13
361,3,22
362,1,15
363,4,13
364,4,6
365,5,0
366,5,3
367,2,4
368,0,14
369,1,2
370,5,7
371,5,3
372,4,2
373,0,3
374,3,18
375,0,20
376,4,15
377,3,7
378,5,8
379,1,8
380,5,8
381,4,14
382,2,11
383,1,3
384,5,1
385,4,6
386,5,4
387,5,5
388,0,1
389,0,4
390,0,2
391,5,4
392,0,0
393,0,13
394,0,5
395,5,15
396,4,24
397,0,1
398,3,10
399,4,7
400,3,2
401,0,2
402,1,5
403,5,9
404,2,2
405,0,19
406,0,21
407,1,2
408,4,17
409,4,4
410,5,8
411,2,17
412,1,2
413,2,2
414,3,1
415,2,1
416,4,8
417,0,7
418,4,13
419,5,8
420,4,6
421,4,0
422,2,7
423,5,1
424,0,2
425,0,21
426,5,0
427,1,9
428,2,21
429,0,20
430,3,7
431,2,13
432,4,4
433,1,4
434,2,5
435,3,22
436,5,3
437,2,0
438,2,3
439,1,6
440,0,3
441,1,23
442,1,23
443,1,2
444,5,0
445,3,1
446,4,2
447,5,13
448,5,1
449,2,3
450,5,10
451,4,4
452,1,22
453,2,8
454,5,4
455,2,19
456,1,12
457,2,17
458,1,0
459,5,10
460,2,23
461,4,16
462,4,1
463,2,5
464,4,10
465,4,4
466,2,16
467,3,3
468,1,12
469,2,0
470,3,5
471,0,9
472,3,21
473,1,6
474,3,2
475,1,14
476,5,0
477,3,8
478,3,0
479,2,0
480,4,17
481,3,2
482,5,6
483,3,8
484,5,18
485,0,1
486,2,3
487,1,11
488,5,0
489,4,0
490,2,7
491,0,0
492,0,13
493,4,15
494,4,4
495,4,3
496,4,7
497,3,2
498,3,0
499,0,1
500,3,1
501,0,5
502,4,6
503,0,0
504,3,0
505,2,1
506,4,15
507,1,3
508,0,7
509,2,2
510,4,10
511,3,1
512,1,5
513,3,0
514,5,1
515,2,2
516,2,18
517,3,4
518,2,22
519,5,1
520,2,11
521,1,7
522,1,1
523,4,9
524,0,20
525,3,7
526,5,3
527,2,6
528,3,0
529,5,2
530,5,10
531,1,5
532,2,2
533,4,12
534,5,7
535,0,7
536,2,7
537,0,2
538,1,3
539,0,7
540,0,1
541,0,15
542,3,9
543,2,1
544,3,23
545,1,9
546,1,1
547,5,0
548,5,4
549,5,17
550,3,8
551,4,3
552,0,3
553,0,1
554,0,1
555,0,17
556,3,5
557,4,10
558,5,4
559,0,8
560,2,18
561,2,0
562,3,9
563,3,2
564,3,2
565,3,8
566,1,3
567,2,3
568,4,7
569,5,9
570,4,0
571,1,10
572,0,4
573,2,4
574,5,21
575,3,19
576,2,15
577,0,4
578,1,5
579,3,14
580,0,0
581,1,4
582,4,8
583,4,13
584,4,3
585,3,5
586,2,3
587,3,0
588,5,16
589,2,4
590,1,20
591,0,0
592,2,2
593,1,4
594,2,12
595,2,0
596,0,0
597,1,8
598,4,11
599,3,2
600,0,6
601,4,3
602,2,13
603,3,7
604,1,5
605,5,12
606,1,4
607,4,18
608,3,3
609,5,14
610,0,1
611,3,12
612,4,4
613,2,0
614,5,23
615,3,8
616,1,3
617,2,13
618,2,4
619,2,9
620,4,0
621,3,13
622,2,3
623,0,7
624,5,0
625,1,3
626,3,4
627,1,7
628,5,21
629,4,11
630,2,4
631,4,0
632,5,2
633,4,2
634,5,13
635,0,8
636,5,17
637,5,7
638,1,1
639,2,11
640,0,5
641,4,0
642,5,9
643,5,17
644,2,7
645,0,8
646,5,3
647,3,10
648,0,12
649,0,8
650,1,0
651,4,2
652,2,10
653,5,11
654,5,13
655,4,0
656,0,0
657,5,16
658,2,22
659,1,14
660,1,12
661,4,6
662,2,0
663,2,19
664,4,14
665,5,15
666,4,4
667,5,23
668,4,6
669,5,0
670,1,5
671,1,11
672,5,11
673,2,18
674,5,2
675,5,3
676,2,15
677,5,4
678,2,2
679,5,3
680,4,0
681,2,2
682,0,15
683,1,3
684,2,0
685,1,12
686,1,2
687,4,12
688,5,10
689,1,2
690,1,1
691,3,0
692,4,1
693,2,16
694,0,10
695,4,4
696,1,3
697,4,1
698,3,4
699,3,24
700,0,7
701,0,5
702,0,4
703,1,0
704,4,9
705,1,7
706,4,15
707,0,11
708,0,20
709,4,11
710,3,6
711,1,17
712,4,6
713,2,6
714,5,17
715,1,4
716,1,10
717,1,2
718,1,2
719,2,19
720,3,7
721,4,15
722,0,7
723,4,23
724,4,13
725,4,15
726,5,7
727,5,0
728,3,19
729,2,5
730,3,17
731,0,16
732,4,1
733,3,1
734,4,8
735,4,3
736,4,7
737,5,12
738,3,6
739,1,0
740,3,8
741,4,2
742,1,9
743,2,10
744,5,0
745,5,13
746,4,2
747,2,4
748,5,0
749,2,12
750,3,2
751,2,18
752,4,13
753,0,8
754,3,3
755,3,7
756,5,3
757,4,5
758,5,1
759,1,6
760,4,12
761,2,10
762,4,10
763,1,0
764,5,14
765,4,7
766,3,12
767,1,2
768,3,2
769,0,5
770,4,3
771,0,8
772,4,9
773,3,12
774,5,3
775,2,0
776,3,11
777,4,7
778,5,3
779,3,17
780,1,3
781,2,4
782,2,21
783,1,2
784,0,9
785,2,16
786,3,3
787,3,3
788,1,8
789,4,9
790,3,12
791,5,18
792,4,4
793,3,21
794,2,7
795,0,21
796,4,1
797,1,6
798,5,4
799,2,0
800,0,13
801,5,4
802,0,4
803,3,7
804,5,6
805,0,1
806,3,6
807,4,16
808,0,1
809,5,14
810,1,21
811,4,2
812,5,3
813,1,22
814,5,21
815,2,9
816,5,3
817,2,20
818,4,5
819,0,10
820,4,8
821,5,24
822,4,21
823,5,6
824,1,16
825,1,5
826,2,4
827,2,1
828,0,9
829,2,17
830,5,6
831,1,0
832,4,0
833,0,4
834,3,13
835,4,0
836,3,2
837,1,0
838,5,6
839,4,0
840,5,6
841,0,4
842,5,0
843,5,1
844,4,0
845,4,15
846,4,2
847,2,22
848,4,5
849,1,5
850,3,5
851,4,23
852,0,9
853,0,2
854,2,6
855,1,10
856,1,17
857,1,16
858,3,0
859,3,1
860,5,3
861,0,1
862,3,11
863,2,11
864,0,0
865,1,10
866,2,20
867,0,9
868,2,2
869,4,3
870,1,14
871,5,5
872,1,13
873,1,4
874,1,3
875,1,4
876,4,12
877,1,1
878,5,14
879,5,9
880,2,1
881,2,0
882,4,4
883,1,5
884,3,23
885,1,8
886,1,3
887,1,3
888,4,5
889,1,6
890,1,1
891,4,3
892,2,8
893,1,0
894,4,16
895,4,0
896,5,4
897,1,6
898,3,8
899,1,14
900,0,2
901,0,7
902,4,2
903,1,2
904,1,3
905,1,5
906,4,1
907,4,0
908,1,19
909,3,9
910,0,5
911,0,7
912,2,5
913,0,21
914,3,1
915,3,2
916,4,5
917,1,0
918,3,0
919,1,12
920,4,5
921,5,4
922,5,7
923,3,6
924,0,20
925,4,1
926,2,0
927,2,0
928,2,1
929,5,6
930,5,3
931,3,2
932,5,21
933,5,0
934,2,6
935,5,7
936,0,8
937,1,0
938,4,2
939,2,8
940,3,3
941,2,10
942,2,2
943,4,3
944,0,3
945,4,18
946,5,4
947,2,4
948,4,0
949,1,3
950,0,5
951,3,6
952,1,2
953,2,9
954,2,15
955,4,22
956,4,5
957,2,3
958,0,4
959,5,4
960,5,5
961,1,16
962,5,4
963,1,0
964,0,1
965,1,0
966,0,2
967,3,3
968,4,3
969,4,16
970,1,0
971,5,0
972,3,3
973,1,6
974,1,1
975,0,8
976,3,11
977,2,2
978,3,4
979,3,3
980,4,10
981,0,10
982,5,0
983,3,3
984,0,4
985,3,2
986,0,6
987,3,19
988,1,5
989,5,4
990,5,8
991,0,0
992,0,7
993,2,21
994,3,17
995,2,22
996,0,4
997,0,4
998,0,1
999,3,8
1000,5,0
1001,3,9
1002,4,18
1003,2,3
1004,2,7
1005,5,1
1006,4,1
1007,2,3
1008,4,1
1009,4,1
1010,0,0
1011,3,12
1012,0,22
1013,3,20
1014,2,2
1015,1,4
1016,1,1
1017,5,3
1018,0,2
1019,2,2
1020,1,0
1021,1,0
1022,5,0
1023,2,5
1024,0,4
1025,1,23
1026,5,8
1027,2,10
1028,3,8
1029,5,9
1030,2,2
1031,0,20
1032,4,12
1033,3,18
1034,3,23
1035,0,3
1036,5,9
1037,3,7
1038,1,24
1039,4,3
1040,3,8
1041,0,2
1042,3,1
1043,1,11
1044,2,3
1045,4,2
1046,4,21
1047,5,5
1048,3,12
1049,0,2
1050,4,3
1051,3,3
1052,1,8
1053,4,0
1054,2,2
1055,3,4
1056,1,1
1057,0,1
1058,4,16
1059,5,2
1060,1,3
1061,4,1
1062,0,4
1063,2,7
1064,0,10
1065,1,7
1066,1,17
1067,4,4
1068,4,6
1069,5,15
1070,1,9
1071,4,14
1072,2,0
1073,2,20
1074,3,9
1075,4,3
1076,5,4
1077,4,4
1078,1,14
1079,3,0
1080,5,1
1081,2,1
1082,4,5
1083,3,17
1084,0,5
1085,4,5
1086,5,13
1087,5,9
1088,5,4
1089,4,12
1090,3,2
1091,1,10
1092,4,9
1093,5,3
1094,0,8
1095,3,5
1096,1,13
1097,5,15
1098,3,23
1099,4,6
1100,2,4
1101,2,3
1102,4,5
1103,5,19
1104,0,0
1105,2,3
1106,2,20
1107,3,6
1108,5,2
1109,2,23
1110,3,9
1111,1,0
1112,3,0
1113,0,21
1114,5,12
1115,3,8
1116,1,0
1117,2,4
1118,0,4
1119,2,11
1120,3,1
1121,4,2
1122,3,7
1123,0,24
1124,2,8
1125,0,0
1126,3,17
1127,0,4
1128,1,6
1129,1,5
1130,2,14
1131,0,1
1132,0,8
1133,2,5
1134,0,7
1135,4,1
1136,2,3
1137,2,8
1138,3,17
1139,0,8
1140,2,7
1141,2,3
1142,5,6
1143,2,0
1144,4,1
1145,1,23
1146,0,2
1147,2,4
1148,0,12
1149,5,7
1150,4,21
1151,0,1
1152,4,16
1153,1,7
1154,4,3
1155,0,4
1156,0,11
1157,1,5
1158,1,0
1159,1,22
1160,0,0
1161,5,2
1162,2,11
1163,1,3
1164,5,0
1165,2,4
1166,3,8
1167,5,9
1168,5,8
1169,3,5
1170,5,7
1171,1,1
1172,2,2
1173,1,17
1174,3,3
1175,1,22
1176,0,9
1177,0,0
1178,2,1
1179,3,23
1180,4,3
1181,4,2
1182,0,9
1183,3,5
1184,5,8
1185,3,13
1186,1,19
1187,2,21
1188,3,18
1189,2,2
1190,5,3
1191,2,18
1192,0,10
1193,3,17
1194,0,10
1195,4,1
1196,0,13
1197,3,7
1198,3,0
1199,5,4
1200,3,8
1201,0,0
1202,4,8
1203,3,10
1204,0,20
1205,5,5
1206,0,1
1207,5,4
1208,1,1
1209,4,1
1210,0,2
1211,4,14
1212,5,8
1213,4,9
1214,2,18
1215,5,0
1216,2,3
1217,4,1
1218,0,4
1219,1,6
1220,0,7
1221,5,5
1222,3,8
1223,1,12
1224,4,8
1225,2,5
1226,0,10
1227,1,11
1228,4,8
1229,2,1
1230,3,6
1231,2,0
1232,5,9
1233,5,8
1234,0,11
1235,3,0
1236,3,7
1237,2,1
1238,2,10
1239,1,5
1240,5,3
1241,5,0
1242,2,21
1243,2,9
1244,3,12
1245,2,18
1246,2,1
1247,4,16
1248,0,1
1249,4,15
1250,2,12
1251,4,5
1252,3,3
1253,4,3
1254,3,0
1255,5,2
1256,2,11
1257,1,6
1258,3,8
1259,1,15
1260,0,23
1261,3,24
1262,0,8
1263,3,10
1264,4,9
1265,0,8
1266,3,3
1267,3,7
1268,0,2
1269,1,1
1270,5,3
1271,0,18
1272,3,1
1273,0,6
1274,4,6
1275,2,5
1276,4,2
1277,2,16
1278,0,1
1279,3,17
1280,4,5
1281,4,9
1282,2,3
1283,4,5
1284,4,0
1285,1,19
1286,3,2
1287,2,8
1288,5,0
1289,2,4
1290,1,2
1291,5,17
1292,5,3
1293,4,9
1294,5,7
1295,4,0
1296,4,4
1297,0,10
1298,0,2
1299,4,8
1300,5,11
1301,5,1
1302,1,0
1303,4,9
1304,3,0
1305,0,1
1306,0,3
1307,3,2
1308,1,15
1309,0,4
1310,2,10
1311,3,4
1312,3,2
1313,1,4
1314,3,7
1315,2,4
1316,1,18
1317,4,6
1318,1,0
1319,2,7
1320,3,1
1321,0,0
1322,1,5
1323,0,7
1324,2,19
1325,1,0
1326,5,4
1327,2,4
1328,2,2
1329,3,14
1330,2,1
1331,3,9
1332,5,0
1333,5,1
1334,3,24
1335,2,8
1336,4,1
1337,5,8
1338,1,2
1339,4,3
1340,0,13
1341,2,20
1342,2,17
1343,4,8
1344,2,19
1345,1,12
1346,5,13
1347,4,0
1348,3,0
1349,3,0
1350,1,4
1351,0,4
1352,5,13
1353,0,1
1354,1,3
1355,4,15
1356,1,4
1357,3,3
1358,1,9
1359,4,8
1360,4,1
1361,4,12
1362,3,19
1363,4,14
1364,1,15
1365,5,10
1366,0,2
1367,4,17
1368,5,3
1369,2,14
1370,1,14
1371,4,5
1372,0,19
1373,2,2
1374,1,3
1375,1,5
1376,4,10
1377,3,8
1378,4,11
1379,3,3
1380,4,22
1381,3,19
1382,1,24
1383,4,1
1384,5,4
1385,1,4
1386,0,3
1387,0,0
1388,2,2
1389,2,5
1390,2,1
1391,3,5
1392,3,1
1393,1,0
1394,4,7
1395,5,7
1396,3,6
1397,2,1
1398,0,1
1399,2,0
1400,0,0
1401,0,7
1402,0,1
1403,3,5
1404,1,2
1405,0,13
1406,4,0
1407,2,11
1408,5,3
1409,2,4
1410,2,5
1411,2,21
1412,2,13
1413,1,2
1414,0,22
1415,5,7
1416,1,2
1417,0,2
1418,2,0
1419,1,2
1420,2,8
1421,5,2
1422,0,6
1423,1,11
1424,5,3
1425,5,4
1426,1,6
1427,0,10
1428,1,1
1429,0,4
1430,2,12
1431,2,5
1432,0,22
1433,5,2
1434,1,12
1435,3,23
1436,1,4
1437,4,0
1438,1,6
1439,1,2
1440,0,10
1441,2,5
1442,5,1
1443,0,1
1444,2,0
1445,1,7
1446,0,2
1447,1,12
1448,5,2
1449,2,15
1450,3,2
1451,4,9
1452,3,2
1453,4,13
1454,4,5
1455,5,15
1456,5,21
1457,2,23
1458,5,18
1459,1,6
1460,4,3
1461,2,2
1462,5,7
1463,1,4
1464,1,6
1465,5,2
1466,5,4
1467,0,13
1468,4,4
1469,4,3
1470,4,12
1471,1,20
1472,3,1
1473,4,21
1474,0,19
1475,2,5
1476,1,1
1477,0,3
1478,0,7
1479,5,7
1480,2,13
1481,5,2
1482,2,8
1483,4,1
1484,3,7
1485,4,3
1486,0,1
1487,0,3
1488,2,24
1489,2,4
1490,1,24
1491,0,4
1492,2,9
1493,0,1
1494,3,19
1495,2,11
1496,2,0
1497,2,5
1498,0,10
1499,5,7
1500,5,5
1501,5,11
1502,2,1
1503,5,1
1504,3,5
1505,3,0
1506,0,11
1507,5,7
1508,3,13
1509,2,20
1510,3,15
1511,4,10
1512,2,0
1513,1,2
1514,2,5
1515,0,2
1516,4,1
1517,5,16
1518,3,6
1519,2,1
1520,0,5
1521,1,14
1522,2,3
1523,0,21
1524,3,5
1525,4,6
1526,4,4
1527,2,20
1528,4,18
1529,0,8
1530,3,0
1531,5,5
1532,2,0
1533,0,16
1534,4,9
1535,0,3
1536,4,8
1537,1,0
1538,1,3
1539,4,1
1540,1,2
1541,0,13
1542,2,5
1543,5,14
1544,1,18
1545,5,2
1546,1,7
1547,1,6
1548,2,18
1549,1,15
1550,0,7
1551,0,20
1552,4,3
1553,0,10
1554,2,9
1555,1,20
1556,4,8
1557,5,20
1558,2,1
1559,0,8
1560,2,4
1561,3,10
1562,4,1
1563,3,11
1564,4,6
1565,2,3
1566,3,6
1567,3,17
1568,2,7
1569,4,5
1570,3,0
1571,1,9
1572,1,2
1573,2,13
1574,1,10
1575,1,5
1576,0,15
1577,3,6
1578,5,5
1579,5,4
1580,4,7
1581,4,6
1582,5,1
1583,2,13
1584,0,6
1585,2,23
1586,2,3
1587,4,14
1588,4,5
1589,4,18
1590,5,18
1591,5,0
1592,5,0
1593,0,18
1594,4,2
1595,5,3
1596,5,15
1597,1,14
1598,3,4
1599,0,4
1600,2,24
1601,2,1
1602,1,24
1603,0,13
1604,1,20
1605,4,0
1606,0,21
1607,1,18
1608,5,6
1609,1,18
1610,3,5
1611,4,8
1612,2,0
1613,5,0
1614,0,23
1615,3,7
1616,4,0
1617,3,11
1618,5,17
1619,4,2
1620,3,0
1621,1,0
1622,2,3
1623,3,2
1624,1,4
1625,0,3
1626,4,10
1627,1,4
1628,0,4
1629,2,5
1630,5,13
1631,2,7
1632,0,6
1633,2,1
1634,4,4
1635,5,5
1636,2,14
1637,4,19
1638,0,1
1639,2,14
1640,5,1
1641,2,1
1642,2,9
1643,4,0
1644,5,7
1645,4,0
1646,4,10
1647,1,0
1648,1,13
1649,1,14
1650,4,15
1651,3,9
1652,5,10
1653,1,12
1654,3,0
1655,1,0
1656,1,4
1657,0,13
1658,3,7
1659,0,5
1660,2,7
1661,2,12
1662,5,12
1663,5,2
1664,2,0
1665,4,17
1666,5,20
1667,4,10
1668,1,13
1669,2,11
1670,2,20
1671,4,11
1672,2,19
1673,4,1
1674,5,12
1675,3,14
1676,4,4
1677,0,5
1678,2,10
1679,5,19
1680,3,1
1681,2,4
1682,1,0
1683,3,0
1684,0,20
1685,4,2
1686,5,3
1687,4,15
1688,1,6
1689,5,4
1690,5,23
1691,4,4
1692,3,0
1693,3,7
1694,4,14
1695,2,4
1696,2,10
1697,4,5
1698,3,8
1699,2,1
1700,0,4
1701,5,17
1702,0,1
1703,4,18
1704,1,10
1705,0,2
1706,3,7
1707,5,3
1708,3,12
1709,4,7
1710,2,16
1711,1,1
1712,1,5
1713,0,9
1714,2,19
1715,3,20
1716,2,8
1717,2,9
1718,3,5
1719,1,8
1720,3,14
1721,5,5
1722,3,21
1723,5,12
1724,3,3
1725,4,3
1726,4,14
1727,0,1
1728,0,4
1729,4,5
1730,2,6
1731,5,3
1732,2,3
1733,1,19
1734,2,0
1735,5,1
1736,4,6
1737,5,9
1738,3,7
1739,3,10
1740,5,10
1741,5,7
1742,0,0
1743,3,1
1744,2,2
1745,4,0
1746,2,5
1747,0,4
1748,1,7
1749,1,2
1750,2,15
1751,2,5
1752,1,0
1753,1,5
1754,0,5
1755,1,1
1756,3,0
1757,5,7
1758,2,7
1759,2,2
1760,3,20
1761,2,22
1762,4,4
1763,0,9
1764,2,2
1765,2,10
1766,1,2
1767,4,6
1768,4,1
1769,5,4
1770,0,3
1771,0,4
1772,1,6
1773,4,7
1774,2,4
1775,2,10
1776,0,3
1777,2,7
1778,0,3
1779,5,5
1780,3,0
1781,4,18
1782,1,3
1783,3,4
1784,1,2
1785,2,3
1786,2,5
1787,4,4
1788,1,8
1789,4,14
1790,2,19
1791,0,4
1792,3,7
1793,0,7
1794,0,4
1795,3,0
1796,4,8
1797,1,9
1798,0,11
1799,3,20
1800,0,10
1801,1,0
1802,1,10
1803,4,5
1804,5,5
1805,1,3
1806,3,11
1807,4,16
1808,5,9
1809,5,10
1810,2,13
1811,4,4
1812,3,7
1813,0,3
1814,5,22
1815,4,4
1816,5,9
1817,0,0
1818,3,0
1819,2,17
1820,5,1
1821,1,9
1822,3,9
1823,5,3
1824,3,2
1825,0,0
1826,5,8
1827,4,9
1828,1,7
1829,1,3
1830,0,1
1831,5,3
1832,4,3
1833,2,1
1834,2,3
1835,3,1
1836,1,12
1837,0,4
1838,3,14
1839,0,2
1840,2,4
1841,1,3
1842,1,6
1843,1,5
1844,4,3
1845,4,11
1846,2,2
1847,3,3
1848,2,18
1849,4,10
1850,0,6
1851,2,4
1852,5,3
1853,4,0
1854,1,3
1855,1,16
1856,3,1
1857,3,7
1858,4,8
1859,1,3
1860,5,18
1861,0,15
1862,1,9
1863,4,1
1864,2,0
1865,5,12
1866,2,6
1867,0,21
1868,5,2
1869,3,0
1870,2,2
1871,2,5
1872,1,11
1873,2,9
1874,1,17
1875,2,0
1876,1,4
1877,4,8
1878,2,3
1879,0,6
1880,4,2
1881,5,0
1882,4,3
1883,0,11
1884,0,0
1885,3,24
1886,1,2
1887,2,0
1888,2,5
1889,0,14
1890,4,2
1891,5,16
1892,1,2
1893,0,4
1894,5,12
1895,3,9
1896,3,9
1897,0,3
1898,4,24
1899,4,9
1900,0,11
1901,3,1
1902,1,8
1903,4,0
1904,5,0
1905,3,10
1906,2,5
1907,1,3
1908,4,1
1909,3,8
1910,0,5
1911,4,6
1912,5,13
1913,2,3
1914,2,3
1915,0,6
1916,3,24
1917,4,4
1918,0,14
1919,2,6
1920,5,14
1921,0,1
1922,1,2
1923,5,7
1924,2,3
1925,0,1
1926,3,13
1927,3,0
1928,4,5
1929,4,19
1930,5,7
1931,0,10
1932,1,3
1933,1,7
1934,0,13
1935,1,10
1936,3,2
1937,4,15
1938,2,4
1939,3,1
1940,3,1
1941,1,2
1942,3,12
1943,4,8
1944,2,3
1945,2,1
1946,1,6
1947,3,10
1948,5,2
1949,2,4
1950,3,4
1951,5,12
1952,2,16
1953,3,5
1954,0,8
1955,1,13
1956,1,0
1957,5,24
1958,5,21
1959,2,7
1960,3,0
1961,2,8
1962,5,20
1963,4,14
1964,1,6
1965,3,3
1966,0,5
1967,5,3
1968,5,0
1969,0,5
1970,3,0
1971,2,2
1972,1,8
1973,3,4
1974,1,18
1975,2,15
1976,4,6
1977,5,0
1978,0,7
1979,0,1
1980,4,6
1981,4,5
1982,2,3
1983,1,9
1984,3,2
1985,2,16
1986,2,22
1987,1,5
1988,2,5
1989,1,7
1990,2,2
1991,5,13
1992,2,18
1993,0,0
1994,1,9
1995,3,0
1996,2,0
1997,5,3
1998,0,1
1999,0,1
2000,3,3
2001,1,8
2002,3,1
2003,0,1
2004,2,9
2005,3,6
2006,5,6
2007,2,10
2008,5,4
2009,5,3
2010,2,4
2011,0,11
2012,1,2
2013,3,2
2014,0,15
2015,4,15
2016,3,2
2017,0,0
2018,0,6
2019,1,5
2020,0,1
2021,4,1
2022,4,4
2023,0,18
2024,4,3
2025,5,14
2026,5,24
2027,0,10
2028,5,7
2029,5,13
2030,4,0
2031,0,1
2032,5,8
2033,5,3
2034,4,2
2035,4,10
2036,2,3
2037,3,5
2038,1,10
2039,5,10
2040,3,19
2041,4,11
2042,4,0
2043,3,0
2044,4,24
2045,1,19
2046,0,7
2047,4,11
2048,3,9
2049,1,18
2050,5,5
2051,2,7
2052,4,4
2053,0,11
2054,2,18
2055,4,18
2056,2,7
2057,3,4
2058,4,8
2059,0,0
2060,1,3
2061,0,4
2062,4,15
2063,4,16
2064,5,1
2065,5,0
2066,0,2
2067,2,0
2068,2,23
2069,5,17
2070,1,7
2071,1,10
2072,1,21
2073,4,23
2074,2,3
2075,0,1
2076,1,16
2077,1,16
2078,4,9
2079,0,12
2080,1,15
2081,5,5
2082,3,1
2083,0,13
2084,4,3
2085,3,5
2086,1,7
2087,5,3
2088,0,3
2089,3,3
2090,4,6
2091,0,18
2092,2,11
2093,2,6
2094,2,6
2095,3,2
2096,1,8
2097,5,7
2098,1,1
2099,1,21
2100,5,15
2101,2,5
2102,1,13
2103,2,5
2104,2,2
2105,5,1
2106,4,10
2107,3,1
2108,3,17
2109,0,19
2110,4,0
2111,3,3
2112,1,3
2113,2,4
2114,5,11
2115,4,2
2116,5,1
2117,1,18
2118,1,1
2119,1,1
2120,2,4
2121,2,15
2122,1,7
2123,0,15
2124,3,2
2125,0,22
2126,2,15
2127,5,5
2128,2,6
2129,4,14
2130,4,6
2131,5,4
2132,4,19
2133,2,0
2134,3,23
2135,5,3
2136,1,14
2137,3,17
2138,3,4
2139,4,12
2140,3,1
2141,5,9
2142,5,12
2143,3,5
2144,3,15
2145,0,6
2146,4,19
2147,5,21
2148,4,4
2149,0,2
2150,1,0
2151,1,5
2152,5,21
2153,3,17
2154,4,4
2155,5,1
2156,5,13
2157,3,7
2158,3,14
2159,5,7
2160,4,10
2161,0,8
2162,3,2
2163,4,17
2164,3,1
2165,2,3
2166,5,0
2167,3,14
2168,2,9
2169,3,15
2170,1,16
2171,5,5
2172,3,1
2173,4,23
2174,2,7
2175,1,18
2176,0,8
2177,0,8
2178,3,17
2179,3,3
2180,3,14
2181,1,2
2182,3,4
2183,3,7
2184,0,3
2185,2,12
2186,2,1
2187,1,4
2188,4,8
2189,5,3
2190,2,23
2191,0,3
2192,5,9
2193,4,10
2194,0,20
2195,4,22
2196,1,6
2197,3,10
2198,4,0
2199,4,10
2200,1,7
2201,2,4
2202,5,4
2203,2,3
2204,3,0
2205,2,8
2206,4,10
2207,4,7
2208,5,2
2209,0,9
2210,1,1
2211,1,2
2212,4,18
2213,0,5
2214,2,4
2215,4,15
2216,0,1
2217,3,5
2218,5,22
2219,2,16
2220,1,1
2221,5,4
2222,1,10
2223,3,8
2224,0,11
2225,1,13
2226,1,8
2227,1,4
2228,4,3
2229,1,5
2230,2,19
2231,2,20
2232,1,14
2233,3,3
2234,0,9
2235,1,13
2236,5,0
2237,1,6
2238,4,21
2239,1,0
2240,5,2
2241,0,6
2242,4,22
2243,5,8
2244,1,5
2245,1,3
2246,4,2
2247,3,6
2248,4,5
2249,3,8
2250,3,1
2251,0,7
2252,5,4
2253,3,1
2254,1,21
2255,5,3
2256,0,2
2257,0,1
2258,5,1
2259,4,0
2260,3,1
2261,3,21
2262,2,11
2263,0,1
2264,3,9
2265,2,4
2266,5,18
2267,4,2
2268,3,1
2269,2,0
2270,4,1
2271,4,5
2272,3,14
2273,3,11
2274,4,13
2275,5,5
2276,1,1
2277,5,2
2278,3,8
2279,0,6
2280,3,8
2281,2,16
2282,2,6
2283,0,12
2284,0,0
2285,5,4
2286,5,0
2287,3,4
2288,4,5
2289,3,8
2290,4,11
2291,5,2
2292,5,1
2293,0,6
2294,1,1
2295,4,14
2296,4,8
2297,0,2
2298,4,7
2299,5,15
2300,4,3
2301,4,12
2302,3,2
2303,1,7
2304,4,9
2305,1,5
2306,0,3
2307,0,3
2308,2,0
2309,4,9
2310,0,12
2311,2,13
2312,2,0
2313,2,2
2314,0,2
2315,2,13
2316,5,6
2317,0,14
2318,1,23
2319,3,2
2320,5,19
2321,4,12
2322,2,2
2323,1,1
2324,4,2
2325,3,1
2326,3,20
2327,3,0
2328,4,2
2329,4,4
2330,2,0
2331,3,5
2332,3,9
2333,2,6
2334,4,4
2335,3,3
2336,3,7
2337,4,6
2338,1,14
2339,3,0
2340,0,8
2341,3,3
2342,5,12
2343,3,20
2344,4,7
2345,1,14
2346,4,4
2347,3,20
2348,2,20
2349,1,5
2350,5,3
2351,5,6
2352,1,20
2353,3,6
2354,5,1
2355,5,0
2356,0,2
2357,1,5
2358,2,12
2359,1,8
2360,2,7
2361,2,3
2362,5,12
2363,1,8
2364,1,19
2365,2,12
2366,5,1
2367,1,4
2368,5,18
2369,5,12
2370,0,17
2371,3,3
2372,1,0
2373,1,2
2374,5,6
2375,4,11
2376,4,0
2377,5,4
2378,3,3
2379,5,16
2380,0,6
2381,0,4
2382,4,6
2383,1,0
2384,2,6
2385,0,3
2386,2,7
2387,3,4
2388,5,0
2389,3,1
2390,3,19
2391,1,10
2392,4,18
2393,2,2
2394,1,4
2395,5,3
2396,1,3
2397,5,0
2398,4,3
2399,4,0
2400,5,7
2401,2,5
2402,4,1
2403,2,24
2404,3,12
2405,0,5
2406,0,7
2407,5,18
2408,5,11
2409,5,0
2410,5,0
2411,0,7
2412,3,5
2413,0,12
2414,0,1
2415,4,10
2416,1,2
2417,2,2
2418,2,14
2419,5,1
2420,5,1
2421,5,1
2422,2,7
2423,1,13
2424,1,0
2425,5,8
2426,2,10
2427,4,1
2428,2,19
2429,3,11
2430,4,8
2431,4,3
2432,2,4
2433,1,8
2434,5,5
2435,4,20
2436,2,14
2437,0,3
2438,0,5
2439,2,6
2440,4,3
2441,2,10
2442,1,8
2443,5,12
2444,1,22
2445,4,8
2446,5,2
2447,5,24
2448,3,10
2449,1,3
2450,1,18
2451,3,0
2452,3,8
2453,4,0
2454,3,8
2455,3,1
2456,3,20
2457,0,1
2458,4,2
2459,1,5
2460,0,13
2461,5,3
2462,2,15
2463,5,21
2464,1,23
2465,1,10
2466,4,1
2467,5,12
2468,3,7
2469,3,21
2470,4,14
2471,3,6
2472,1,8
2473,5,17
2474,2,14
2475,4,3
2476,2,3
2477,5,0
2478,0,14
2479,4,7
2480,5,2
2481,5,0
2482,0,4
2483,1,8
2484,0,21
2485,2,0
2486,2,0
2487,2,1
2488,1,0
2489,3,8
2490,3,4
2491,1,9
2492,3,10
2493,1,13
2494,2,1
2495,5,1
2496,1,4
2497,3,12
2498,1,1
2499,5,6
2500,2,10
2501,0,4
2502,5,2
2503,2,6
2504,3,1
2505,1,0
2506,1,8
2507,5,0
2508,0,7
2509,1,18
2510,2,3
2511,1,19
2512,4,2
2513,2,2
2514,1,10
2515,4,2
2516,0,5
2517,2,3
2518,2,8
2519,5,3
2520,1,2
2521,5,23
2522,0,7
2523,1,8
2524,2,17
2525,2,3
2526,4,3
2527,0,23
2528,4,5
2529,3,1
2530,5,19
2531,4,20
2532,5,1
2533,0,11
2534,5,1
2535,2,4
2536,0,6
2537,3,10
2538,4,6
2539,0,9
2540,1,7
2541,5,18
2542,5,1
2543,2,0
2544,4,9
2545,4,11
2546,0,0
2547,2,6
2548,4,14
2549,0,0
2550,0,3
2551,4,9
2552,1,4
2553,5,3
2554,0,1
2555,5,0
2556,0,6
2557,2,11
2558,3,4
2559,3,9
2560,3,17
2561,1,4
2562,3,7
2563,3,10
2564,3,1
2565,0,9
2566,2,15
2567,2,4
2568,0,20
2569,1,0
2570,1,17
2571,4,4
2572,5,5
2573,3,10
2574,3,17
2575,0,2
2576,5,0
2577,0,2
2578,1,12
2579,2,4
2580,2,0
2581,5,0
2582,0,3
2583,1,8
2584,3,17
2585,0,1
2586,1,11
2587,1,11
2588,3,24
2589,4,0
2590,3,1
2591,2,2
2592,4,9
2593,5,7
2594,2,9
2595,2,11
2596,5,7
2597,5,19
2598,3,2
2599,1,2
2600,2,15
2601,3,24
2602,0,10
2603,3,1
2604,5,0
2605,2,2
2606,3,3
2607,5,9
2608,4,1
2609,3,16
2610,2,13
2611,4,11
2612,4,6
2613,4,3
2614,5,2
2615,1,8
2616,0,6
2617,0,16
2618,2,20
2619,0,4
2620,0,3
2621,1,9
2622,5,12
2623,1,8
2624,1,3
2625,3,0
2626,5,16
2627,3,1
2628,1,18
2629,4,3
2630,3,10
2631,4,0
2632,3,2
2633,2,2
2634,3,1
2635,1,0
2636,5,10
2637,0,9
2638,1,1
2639,0,2
2640,2,6
2641,0,0
2642,1,9
2643,4,6
2644,4,15
2645,3,5
2646,1,11
2647,4,13
2648,0,1
2649,3,8
2650,0,4
2651,3,23
2652,3,15
2653,2,2
2654,2,7
2655,4,15
2656,2,19
2657,3,1
2658,4,5
2659,2,7
2660,5,1
2661,4,0
2662,2,8
2663,4,9
2664,0,3
2665,1,16
2666,1,4
2667,4,4
2668,3,3
2669,1,4
2670,5,0
2671,3,1
2672,5,0
2673,2,8
2674,4,22
2675,3,9
2676,1,2
2677,0,7
2678,0,4
2679,3,21
2680,0,1
2681,1,8
2682,0,16
2683,5,9
2684,4,20
2685,5,13
2686,5,16
2687,2,24
2688,1,22
2689,1,0
2690,4,16
2691,1,10
2692,1,21
2693,4,12
2694,3,8
2695,3,23
2696,1,0
2697,4,12
2698,1,22
2699,3,9
2700,2,4
2701,1,23
2702,5,1
2703,4,19
2704,0,7
2705,4,3
2706,4,18
2707,4,12
2708,2,9
2709,1,5
2710,2,9
2711,5,0
2712,1,4
2713,4,0
2714,1,2
2715,5,5
2716,5,6
2717,4,6
2718,1,3
2719,4,4
2720,0,6
2721,2,1
2722,1,1
2723,4,3
2724,1,13
2725,3,11
2726,0,16
2727,3,6
2728,2,18
2729,0,4
2730,0,5
2731,1,15
2732,5,3
2733,2,0
2734,1,11
2735,0,19
2736,4,16
2737,0,8
2738,4,17
2739,3,15
2740,0,18
2741,1,2
2742,5,16
2743,1,3
2744,2,11
2745,0,13
2746,2,1
2747,0,12
2748,4,24
2749,0,1
2750,1,10
2751,3,0
2752,5,5
2753,4,24
2754,1,6
2755,5,10
2756,0,5
2757,5,0
2758,1,9
2759,0,7
2760,4,13
2761,5,1
2762,4,0
2763,1,11
2764,3,3
2765,1,13
2766,5,0
2767,2,19
2768,2,6
2769,3,11
2770,1,6
2771,4,0
2772,0,1
2773,4,10
2774,5,3
2775,0,1
2776,3,4
2777,5,1
2778,2,0
2779,1,3
2780,2,3
2781,5,6
2782,4,7
2783,2,6
2784,3,2
2785,0,2
2786,2,14
2787,5,1
2788,4,8
2789,2,1
2790,1,3
2791,0,13
2792,5,5
2793,0,10
2794,2,0
2795,1,5
2796,4,1
2797,5,5
2798,0,2
2799,2,2
2800,3,14
2801,0,8
2802,5,9
2803,1,0
2804,4,13
2805,5,2
2806,0,4
2807,0,3
2808,3,16
2809,1,3
2810,4,5
2811,2,14
2812,3,1
2813,0,11
2814,3,1
2815,4,4
2816,0,7
2817,0,1
2818,2,2
2819,0,6
2820,0,5
2821,3,2
2822,0,1
2823,4,6
2824,3,15
2825,4,2
2826,2,14
2827,2,6
2828,4,11
2829,4,2
2830,3,5
2831,4,5
2832,3,7
2833,4,4
2834,3,14
2835,2,19
2836,4,1
2837,2,10
2838,5,9
2839,5,9
2840,4,6
2841,3,1
2842,1,4
2843,3,3
2844,0,2
2845,2,3
2846,4,6
2847,5,10
2848,5,11
2849,2,3
2850,4,0
2851,5,3
2852,3,4
2853,4,0
2854,3,4
2855,0,1
2856,2,2
2857,3,8
2858,4,18
2859,3,15
2860,1,3
2861,4,7
2862,3,1
2863,3,7
2864,2,9
2865,4,7
2866,4,7
2867,3,4
2868,3,0
2869,4,8
2870,3,0
2871,1,21
2872,3,2
2873,1,5
2874,0,6
2875,4,2
2876,3,3
2877,2,0
2878,4,15
2879,3,5
2880,2,1
2881,0,18
2882,2,3
2883,5,1
2884,0,2
2885,1,5
2886,2,2
2887,1,6
2888,0,8
2889,5,17
2890,3,4
2891,3,0
2892,4,15
2893,2,2
2894,4,0
2895,3,24
2896,4,21
2897,4,8
2898,4,2
2899,4,4
2900,5,9
2901,3,1
2902,2,12
2903,2,1
2904,4,4
2905,4,1
2906,5,3
2907,0,1
2908,3,8
2909,2,22
2910,4,4
2911,1,5
2912,0,1
2913,5,9
2914,3,3
2915,2,9
2916,3,11
2917,4,6
2918,3,8
2919,4,4
2920,5,1
2921,5,2
2922,3,12
2923,2,6
2924,3,21
2925,1,10
2926,5,3
2927,3,9
2928,2,5
2929,5,3
2930,3,8
2931,1,13
2932,4,7
2933,1,23
2934,2,8
2935,3,3
2936,1,3
2937,2,4
2938,2,5
2939,5,14
2940,4,7
2941,5,16
2942,5,1
2943,5,9
2944,0,3
2945,2,6
2946,5,1
2947,3,2
2948,1,1
2949,3,14
2950,4,5
2951,5,0
2952,1,2
2953,5,3
2954,4,14
2955,2,0
2956,3,12
2957,4,12
2958,3,8
2959,5,5
2960,1,4
2961,0,5
2962,2,9
2963,2,9
2964,5,10
2965,0,4
2966,2,7
2967,0,5
2968,2,2
2969,2,11
2970,3,6
2971,4,4
2972,1,7
2973,5,19
2974,2,19
2975,4,23
2976,0,7
2977,2,2
2978,3,3
2979,0,6
2980,0,7
2981,4,13
2982,0,2
2983,0,15
2984,2,17
2985,3,5
2986,2,7
2987,5,6
2988,3,1
2989,1,0
2990,2,12
2991,2,20
2992,5,2
2993,1,11
2994,2,8
2995,2,5
2996,0,6
2997,4,8
2998,3,1
2999,2,19
3000,4,9
3001,2,6
3002,4,19
3003,1,6
3004,4,5
3005,4,5
3006,4,5
3007,0,8
3008,4,13
3009,1,6
3010,4,2
3011,5,0
3012,4,1
3013,0,4
3014,5,1
3015,4,5
3016,2,7
3017,3,1
3018,2,6
3019,3,22
3020,5,4
3021,2,11
3022,0,2
3023,4,7
3024,4,17
3025,5,15
3026,5,0
3027,5,0
3028,3,2
3029,0,4
3030,0,2
3031,2,10
3032,3,15
3033,5,17
3034,0,4
3035,0,12
3036,0,20
3037,3,5
3038,5,2
3039,4,19
3040,5,13
3041,3,6
3042,4,0
3043,4,16
3044,5,0
3045,1,20
3046,2,5
3047,4,1
3048,2,18
3049,1,13
3050,4,7
3051,1,20
3052,5,1
3053,3,0
3054,1,7
3055,5,13
3056,1,12
3057,2,19
3058,5,2
3059,0,5
3060,3,4
3061,1,4
3062,3,5
3063,0,7
3064,1,4
3065,0,1
3066,2,9
3067,1,18
3068,2,11
3069,2,3
3070,5,4
3071,2,1
3072,1,22
3073,4,2
3074,3,5
3075,0,11
3076,2,21
3077,3,2
3078,4,2
3079,3,1
3080,3,7
3081,0,2
3082,2,4
3083,4,8
3084,0,4
3085,0,16
3086,2,18
3087,4,0
3088,4,11
3089,1,9
3090,0,1
3091,4,4
3092,1,18
3093,2,1
3094,3,6
3095,1,7
3096,4,9
3097,4,7
3098,4,1
3099,5,24
3100,3,2
3101,0,6
3102,2,2
3103,4,7
3104,3,14
3105,0,3
3106,1,0
3107,5,2
3108,5,0
3109,1,1
3110,4,7
3111,4,7
3112,1,7
3113,0,4
3114,1,4
3115,1,4
3116,3,5
3117,4,6
3118,1,24
3119,3,12
3120,5,4
3121,4,17
3122,1,2
3123,5,21
3124,4,4
3125,3,6
3126,0,6
3127,5,7
3128,3,11
3129,2,12
3130,1,3
3131,0,3
3132,2,8
3133,4,15
3134,1,9
3135,0,4
3136,3,17
3137,0,0
3138,0,0
3139,1,4
3140,1,3
3141,3,7
3142,0,7
3143,2,21
3144,2,8
3145,1,10
3146,0,0
3147,1,1
3148,1,3
3149,1,0
3150,2,2
3151,0,2
3152,2,13
3153,4,10
3154,5,12
3155,5,1
3156,3,11
3157,2,13
3158,1,8
3159,3,7
3160,4,5
3161,2,2
3162,4,6
3163,1,1
3164,3,3
3165,3,14
3166,3,5
3167,2,2
3168,0,11
3169,2,12
3170,1,15
3171,0,1
3172,4,3
3173,2,0
3174,3,8
3175,1,3
3176,5,0
3177,4,10
3178,3,5
3179,1,11
3180,5,0
3181,2,0
3182,2,7
3183,2,24
3184,3,0
3185,1,10
3186,1,8
3187,0,17
3188,2,2
3189,2,1
3190,1,5
3191,2,0
3192,5,16
3193,0,22
3194,4,12
3195,2,13
3196,2,22
3197,3,1
3198,2,2
3199,1,21
3200,2,5
3201,4,2
3202,3,6
3203,0,3
3204,2,5
3205,2,8
3206,4,4
3207,2,10
3208,5,7
3209,3,1
3210,4,0
3211,1,2
3212,1,8
3213,3,14
3214,3,1
3215,5,9
3216,5,6
3217,5,1
3218,0,11
3219,0,3
3220,0,0
3221,2,20
3222,3,5
3223,0,4
3224,0,6
3225,2,10
3226,3,12
3227,0,5
3228,2,11
3229,1,0
3230,3,12
3231,4,16
3232,1,11
3233,5,24
3234,3,6
3235,3,13
3236,1,15
3237,0,9
3238,3,14
3239,5,22
3240,0,5
3241,5,0
3242,4,0
3243,0,4
3244,0,7
3245,3,1
3246,0,2
3247,4,14
3248,1,4
3249,2,16
3250,1,8
3251,3,2
3252,2,3
3253,2,13
3254,2,2
3255,3,0
3256,3,13
3257,1,11
3258,1,13
3259,4,11
3260,0,10
3261,5,17
3262,5,6
3263,0,11
3264,5,21
3265,3,1
3266,5,6
3267,1,8
3268,3,1
3269,0,8
3270,2,1
3271,4,7
3272,5,14
3273,1,13
3274,5,3
3275,2,12
3276,1,22
3277,1,0
3278,0,4
3279,4,4
3280,1,2
3281,4,9
3282,3,2
3283,0,3
3284,5,0
3285,1,1
3286,1,10
3287,5,0
3288,0,18
3289,4,5
3290,1,11
3291,3,2
3292,3,1
3293,1,0
3294,0,4
3295,0,6
3296,1,19
3297,4,0
3298,4,7
3299,3,5
3300,2,2
3301,1,19
3302,0,9
3303,5,2
3304,2,4
3305,1,6
3306,5,4
3307,1,8
3308,2,0
3309,0,13
3310,5,1
3311,5,4
3312,2,20
3313,2,3
3314,5,1
3315,0,17
3316,1,0
3317,5,10
3318,1,2
3319,3,8
3320,3,7
3321,0,6
3322,0,1
3323,4,3
3324,5,3
3325,0,4
3326,0,4
3327,3,0
3328,0,4
3329,0,2
3330,1,20
3331,5,6
3332,3,2
3333,3,4
3334,1,7
3335,1,9
3336,5,3
3337,4,1
3338,4,0
3339,5,3
3340,3,5
3341,4,16
3342,1,19
3343,1,16
3344,0,8
3345,5,1
3346,1,6
3347,0,2
3348,3,6
3349,2,2
3350,2,20
3351,0,18
3352,3,9
3353,3,7
3354,4,2
3355,0,2
3356,2,11
3357,3,1
3358,1,6
3359,3,16
3360,2,0
3361,2,3
3362,2,4
3363,1,6
3364,0,4
3365,0,13
3366,4,19
3367,4,15
3368,1,8
3369,5,4
3370,3,7
3371,1,0
3372,1,0
3373,2,6
3374,5,3
3375,5,9
3376,1,0
3377,3,3
3378,5,3
3379,3,10
3380,0,16
3381,1,6
3382,0,1
3383,4,11
3384,4,4
3385,5,8
3386,1,18
3387,3,7
3388,3,10
3389,2,3
3390,2,3
3391,2,15
3392,1,1
3393,0,1
3394,5,9
3395,3,2
3396,4,3
3397,1,4
3398,3,5
3399,5,17
3400,4,7
3401,2,11
3402,5,0
3403,2,6
3404,3,3
3405,2,4
3406,4,10
3407,1,1
3408,3,1
3409,3,13
3410,5,1
3411,3,7
3412,5,13
3413,2,4
3414,3,18
3415,4,2
3416,1,2
3417,5,14
3418,1,16
3419,1,14
3420,1,12
3421,0,7
3422,2,8
3423,4,17
3424,5,1
3425,1,17
3426,4,0
3427,1,0
3428,0,8
3429,0,9
3430,1,6
3431,2,1
3432,1,10
3433,3,0
3434,1,3
3435,1,2
3436,3,8
3437,0,4
3438,4,20
3439,2,18
3440,5,0
3441,0,1
3442,4,0
3443,2,2
3444,4,11
3445,4,3
3446,4,9
3447,1,0
3448,1,3
3449,5,4
3450,0,7
3451,3,2
3452,0,17
3453,0,20
3454,0,10
3455,2,0
3456,4,0
3457,1,4
3458,4,9
3459,3,11
3460,3,3
3461,0,11
3462,2,1
3463,1,5
3464,4,4
3465,4,1
3466,4,1
3467,3,7
3468,3,2
3469,2,4
3470,5,10
3471,0,15
3472,1,5
3473,5,10
3474,5,0
3475,5,6
3476,1,0
3477,0,7
3478,1,16
3479,3,7
3480,3,9
3481,4,2
3482,1,2
3483,5,8
3484,0,4
3485,3,7
3486,5,6
3487,0,13
3488,1,21
3489,1,0
3490,3,3
3491,1,2
3492,4,22
3493,0,11
3494,4,5
3495,2,2
3496,1,19
3497,0,7
3498,4,5
3499,3,14
3500,4,1
3501,5,10
3502,5,3
3503,4,3
3504,5,6
3505,3,3
3506,1,14
3507,1,23
3508,1,10
3509,4,4
3510,4,10
3511,5,0
3512,0,4
3513,2,5
3514,2,3
3515,4,0
3516,0,8
3517,5,3
3518,2,13
3519,3,5
3520,1,7
3521,2,0
3522,5,22
3523,4,15
3524,5,1
3525,1,4
3526,3,19
3527,5,12
3528,1,2
3529,4,19
3530,0,2
3531,1,13
3532,2,16
3533,3,2
3534,1,20
3535,1,7
3536,5,1
3537,0,4
3538,2,0
3539,4,9
3540,5,1
3541,1,9
3542,5,5
3543,3,0
3544,3,6
3545,4,5
3546,1,4
3547,4,0
3548,3,17
3549,3,17
3550,1,0
3551,5,9
3552,5,7
3553,4,6
3554,5,13
3555,3,11
3556,1,0
3557,1,0
3558,2,2
3559,4,0
3560,5,1
3561,4,11
3562,0,1
3563,2,4
3564,2,1
3565,1,4
3566,1,12
3567,2,3
3568,2,12
3569,0,3
3570,2,9
3571,1,2
3572,4,24
3573,4,8
3574,4,13
3575,2,0
3576,4,10
3577,4,5
3578,4,0
3579,3,5
3580,5,1
3581,2,9
3582,1,7
3583,2,21
3584,3,1
3585,2,12
3586,2,10
3587,0,23
3588,0,1
3589,0,0
3590,1,0
3591,0,3
3592,0,6
3593,1,0
3594,3,8
3595,4,15
3596,5,5
3597,3,3
3598,5,7
3599,2,9
3600,1,0
3601,4,7
3602,3,11
3603,3,2
3604,5,0
3605,1,1
3606,4,8
3607,1,20
3608,3,13
3609,1,9
3610,5,0
3611,0,0
3612,1,4
3613,0,16
3614,0,16
3615,3,0
3616,4,7
3617,3,3
3618,2,13
3619,2,12
3620,1,0
3621,3,11
3622,2,1
3623,0,5
3624,4,4
3625,0,0
3626,5,7
3627,1,10
3628,3,3
3629,4,4
3630,5,1
3631,5,2
3632,3,0
3633,1,4
3634,2,0
3635,4,1
3636,5,14
3637,3,2
3638,1,1
3639,4,6
3640,2,14
3641,0,5
3642,2,3
3643,3,1
3644,3,0
3645,5,3
3646,0,3
3647,0,2
3648,5,18
3649,2,21
3650,5,6
3651,3,2
3652,1,1
3653,2,9
3654,0,0
3655,3,3
3656,3,5
3657,1,3
3658,1,0
3659,2,2
3660,5,1
3661,2,16
3662,0,4
3663,5,18
3664,0,5
3665,2,3
3666,0,0
3667,1,0
3668,4,7
3669,3,22
3670,0,11
3671,1,2
3672,3,1
3673,0,7
3674,5,3
3675,1,3
3676,3,0
3677,0,3
3678,0,2
3679,2,23
3680,0,0
3681,2,9
3682,1,3
3683,4,11
3684,2,22
3685,1,8
3686,0,11
3687,1,9
3688,0,1
3689,3,9
3690,4,14
3691,2,23
3692,3,20
3693,2,6
3694,1,11
3695,1,15
3696,3,16
3697,2,0
3698,5,0
3699,2,7
3700,2,3
3701,0,6
3702,0,9
3703,4,3
3704,3,4
3705,2,1
3706,4,13
3707,3,3
3708,3,16
3709,2,23
3710,3,8
3711,3,13
3712,2,6
3713,2,7
3714,4,8
3715,2,0
3716,4,0
3717,1,2
3718,3,5
3719,4,1
3720,2,19
3721,2,13
3722,0,7
3723,4,12
3724,4,3
3725,5,5
3726,2,12
3727,2,2
3728,5,11
3729,0,3
3730,2,0
3731,0,9
3732,0,15
3733,0,14
3734,0,11
3735,3,17
3736,2,0
3737,2,2
3738,5,2
3739,3,17
3740,4,2
3741,0,11
3742,5,4
3743,0,23
3744,2,13
3745,2,3
3746,4,6
3747,1,4
3748,2,6
3749,5,3
3750,0,20
3751,2,21
3752,0,4
3753,1,3
3754,5,7
3755,3,9
3756,5,0
3757,5,8
3758,0,13
3759,0,2
3760,0,2
3761,1,10
3762,2,20
3763,0,2
3764,5,6
3765,4,0
3766,3,0
3767,1,4
3768,5,11
3769,3,7
3770,0,10
3771,5,5
3772,5,2
3773,1,9
3774,2,1
3775,1,4
3776,1,10
3777,5,12
3778,1,4
3779,3,1
3780,5,3
3781,4,1
3782,1,3
3783,0,8
3784,1,5
3785,5,10
3786,3,5
3787,1,10
3788,0,0
3789,2,4
3790,3,6
3791,3,15
3792,1,23
3793,1,4
3794,2,4
3795,4,22
3796,3,4
3797,0,1
3798,2,6
3799,0,6
3800,2,9
3801,0,0
3802,0,10
3803,1,4
3804,5,3
3805,4,1
3806,0,6
3807,0,9
3808,2,3
3809,4,3
3810,4,15
3811,5,17
3812,3,1
3813,3,3
3814,3,2
3815,5,7
3816,5,17
3817,2,6
3818,0,3
3819,1,2
3820,4,3
3821,4,17
3822,4,3
3823,1,1
3824,5,5
3825,1,1
3826,3,12
3827,4,2
3828,1,21
3829,0,1
3830,5,5
3831,3,19
3832,5,4
3833,3,10
3834,2,7
3835,2,5
3836,4,1
3837,1,12
3838,5,7
3839,3,3
3840,0,8
3841,0,2
3842,4,5
3843,0,11
3844,5,1
3845,3,2
3846,4,5
3847,0,3
3848,5,4
3849,0,16
3850,5,15
3851,3,5
3852,0,8
3853,1,14
3854,4,0
3855,1,7
3856,1,6
3857,2,12
3858,1,2
3859,2,5
3860,1,6
3861,5,21
3862,0,21
3863,3,4
3864,3,17
3865,0,1
3866,5,1
3867,3,18
3868,5,5
3869,4,5
3870,2,5
3871,0,2
3872,3,5
3873,2,20
3874,2,0
3875,5,1
3876,1,0
3877,0,7
3878,1,1
3879,2,6
3880,4,13
3881,2,13
3882,4,0
3883,4,1
3884,0,2
3885,5,14
3886,5,5
3887,5,4
3888,0,10
3889,3,0
3890,1,1
3891,4,4
3892,1,7
3893,2,6
3894,2,17
3895,5,4
3896,1,9
3897,5,0
3898,2,16
3899,5,0
3900,5,8
3901,4,9
3902,2,0
3903,5,10
3904,1,1
3905,3,1
3906,5,10
3907,3,5
3908,3,19
3909,2,9
3910,0,2
3911,3,2
3912,0,6
3913,3,2
3914,1,5
3915,5,0
3916,5,6
3917,5,6
3918,1,1
3919,2,1
3920,0,2
3921,1,6
3922,4,9
3923,3,12
3924,3,2
3925,0,2
3926,5,14
3927,5,2
3928,4,8
3929,0,1
3930,0,12
3931,5,1
3932,4,6
3933,5,9
3934,1,4
3935,0,11
3936,3,1
3937,5,5
3938,2,0
3939,4,4
3940,0,4
3941,4,1
3942,5,14
3943,5,9
3944,4,6
3945,2,1
3946,2,14
3947,3,2
3948,4,13
3949,4,1
3950,4,15
3951,4,1
3952,3,17
3953,1,0
3954,0,17
3955,2,5
3956,3,1
3957,5,20
3958,5,13
3959,0,6
3960,3,3
3961,0,20
3962,0,9
3963,3,16
3964,2,9
3965,4,3
3966,5,21
3967,5,24
3968,1,17
3969,3,22
3970,1,7
3971,2,3
3972,1,7
3973,3,13
3974,4,1
3975,1,5
3976,1,18
3977,5,4
3978,2,2
3979,0,14
3980,4,2
3981,1,7
3982,2,6
3983,1,0
3984,3,8
3985,2,6
3986,4,2
3987,2,12
3988,3,12
3989,2,10
3990,2,4
3991,5,2
3992,0,8
3993,2,1
3994,1,5
3995,0,4
3996,3,10
3997,2,0
3998,5,12
3999,2,2
